Requisito,Ley de IA UE,LFPDPPP México,NIST AI RMF,Aplica a mi proyecto,Acción
Informar si una persona interactúa con IA,"No aplica hoy; art. 50(1), si hubiera interacción directa con sistema dentro del ámbito territorial.","Recomendado; arts. 14–16, describir uso de IA cuando sea pertinente a finalidades y aviso.","Recomendado; GOVERN 4 y MAP 1.6, transparencia contextual.","Sí; clientes reciben presupuesto asistido, aunque no usan el modelo.",Indicar en propuesta y aviso que se usa IA como apoyo interno y que un profesional revisa el presupuesto.
Obtener consentimiento para tratar datos personales,No aplica como regla general de IA; ámbito de protección de datos se rige además por RGPD si corresponde.,"Obligatorio, art. 7 salvo excepciones del art. 9; art. 8 si se incorporan sensibles.","Recomendado; GOVERN 1.2 y MAP 1.6, gobernanza de privacidad.",Sí; D1–D3 son personales.,Documentar base y consentimiento o excepción aplicable antes de captar D1–D3; no captar datos sensibles.
Entregar aviso de privacidad,No aplica en este caso mexicano; Reglamento IA no sustituye las normas de privacidad.,"Obligatorio; arts. 14–16, contenido y momento de entrega.","Recomendado; GOVERN 1.3, políticas y comunicación.",Sí; se captura D1–D3.,"Entregar aviso al captar; especificar responsable, datos, finalidades, ARCO, terceros y cambios."
Recabar datos proporcionales y para finalidad definida,No aplica directamente al caso; arts. 9–10 solo si se clasifica alto riesgo en la UE.,"Obligatorio; arts. 5, 11 y 12.","Recomendado; MAP 2.2 y MEASURE 2.10, privacidad.",Sí; D2 exacto solo para visita y logística.,"Pedir dirección una vez, separar D2 de partidas; enviar al modelo solo zona general D2g."
Documentar riesgos de IA,No aplica hoy; arts. 6 y 9 para sistemas de alto riesgo en ámbito UE.,"Recomendado; arts. 13 y 18 exigen responsabilidad y seguridad, aunque no una ficha AI específica.","Recomendado; GOVERN 1, MAP 5 y MANAGE 1.",Sí; error de precios y fuga de D2.,"Mantener registro de riesgo, versión de modelo, incidentes, proveedor y mitigaciones; revisión trimestral."
Mantener supervisión humana,No aplica hoy; art. 14 obliga en sistemas de alto riesgo pertinentes.,Recomendado; art. 26 II protege ante ciertos perfiles automatizados de efectos significativos.,"Recomendado; GOVERN 3, MAP 3 y MANAGE 1.",Sí; presupuesto impacta una decisión económica.,"El arquitecto coteja metrado, precio y supuestos y firma la versión enviada al cliente."
Definir retención y eliminación,No aplica directamente; obligaciones de datos surgen por otras normas y contratos.,"Obligatorio; arts. 10, 24–25, bloqueo y supresión según necesidad y plazo legal.","Recomendado; GOVERN 1.2 y MANAGE 2, ciclo de vida.",Sí; D1–D3 persistirían tras la obra.,Revisar al cierre; D2 se bloquea al cesar la finalidad y se suprime tras plazos legales/contractuales; registrar borrado y copias.
Examinar sesgos del resultado,No aplica hoy; art. 10 sobre gobernanza de datos de sistemas de alto riesgo.,Recomendado; arts. 5 y 12 evitan usos incompatibles o desproporcionados.,"Recomendado; MEASURE 2.11 y MANAGE 1, sesgo dañino.",Sí; cotizaciones podrían sesgar costos por zona o proveedor.,Comparar tres partidas de muestra con fuentes humanas y corregir desviaciones por zona/proveedor.
Permitir oposición ante decisiones solo automatizadas,No aplica hoy; art. 14 aplica a sistemas de alto riesgo; valorar RGPD art. 22 si UE.,Obligatorio cuando se cumplan supuestos del art. 26 II; art. 27 para solicitud ARCO.,"Recomendado; GOVERN 4 y MANAGE 4, recurso y retroalimentación.",Sí como salvaguarda; no se perfilan personas ni se decide sin humano.,Canal ARCO en aviso; ante objeción pausar tratamiento pertinente y revisión humana documentada.
Cifrar D2 y limitar acceso al expediente,No aplica hoy como obligación específica del Reglamento IA; art. 15 para alto riesgo.,"Obligatorio; arts. 18 y 20, seguridad y confidencialidad según riesgo.","Recomendado; GOVERN 1 y MANAGE 2, seguridad y privacidad.",Sí; D2 es crítico en almacenamiento.,Cifrado en tránsito/reposo; clave separada; acceso por rol y bitácora mensual del proveedor nube.
Controlar terceros y compartir solo D2g,"No aplica hoy; art. 9(2) si alto riesgo UE, riesgo de terceros.","Obligatorio en lo aplicable; arts. 13, 15, 18, 20 y 35–36, aviso, seguridad y transferencias según rol.","Recomendado; MAP 4.1 y GOVERN 6, terceros.",Sí; nube ve D2 cifrado; modelo solo D2g.,"Contrato y evaluación del proveedor; desactivar entrenamiento; enviar solo zona general, sin planos ni D1; registrar destinatario."
